STORM.EVTYPE,NOAA.EVTYPE
ASTRONOMICAL LOW TIDE,ASTRONOMICAL LOW TIDE
AVALANCE,AVALANCHE
AVALANCHE,AVALANCHE
BLIZZARD,BLIZZARD
BLIZZARD AND EXTREME WIND CHIL,BLIZZARD
BLIZZARD AND HEAVY SNOW,BLIZZARD
BLIZZARD SUMMARY,BLIZZARD
BLIZZARD WEATHER,BLIZZARD
BLIZZARD/FREEZING RAIN,BLIZZARD
BLIZZARD/HEAVY SNOW,BLIZZARD
BLIZZARD/HIGH WIND,BLIZZARD
BLIZZARD/WINTER STORM,BLIZZARD
GROUND BLIZZARD,BLIZZARD
BEACH EROSION/COASTAL FLOOD,COASTAL FLOOD
BEACH FLOOD,COASTAL FLOOD
BREAKUP FLOODING,COASTAL FLOOD
COASTAL FLOOD,COASTAL FLOOD
COASTAL FLOODING,COASTAL FLOOD
COASTAL FLOODING/EROSION,COASTAL FLOOD
COASTAL/TIDAL FLOOD,COASTAL FLOOD
COASTALFLOOD,COASTAL FLOOD
CSTL FLOODING/EROSION,COASTAL FLOOD
EROSION/CSTL FLOOD,COASTAL FLOOD
TIDAL FLOOD,COASTAL FLOOD
TIDAL FLOODING,COASTAL FLOOD
COLD,COLD/WIND CHILL
COLD AND SNOW,COLD/WIND CHILL
COLD AND WET CONDITIONS,COLD/WIND CHILL
COLD TEMPERATURE,COLD/WIND CHILL
COLD TEMPERATURES,COLD/WIND CHILL
COLD WAVE,COLD/WIND CHILL
COLD WEATHER,COLD/WIND CHILL
COLD WIND CHILL TEMPERATURES,COLD/WIND CHILL
COLD/WIND CHILL,COLD/WIND CHILL
COLD/WINDS,COLD/WIND CHILL
COOL AND WET,COLD/WIND CHILL
COOL SPELL,COLD/WIND CHILL
DRIFTING SNOW,COLD/WIND CHILL
RECORD COLD,COLD/WIND CHILL
RECORD COLD AND HIGH WIND,COLD/WIND CHILL
RECORD COOL,COLD/WIND CHILL
SEVERE COLD,COLD/WIND CHILL
SNOW- HIGH WIND- WIND CHILL,COLD/WIND CHILL
UNSEASONABLE COLD,COLD/WIND CHILL
UNSEASONABLY COLD,COLD/WIND CHILL
UNSEASONABLY COOL,COLD/WIND CHILL
UNSEASONABLY COOL & WET,COLD/WIND CHILL
UNSEASONAL LOW TEMP,COLD/WIND CHILL
WIND CHILL/HIGH WIND,COLD/WIND CHILL
TORNADO DEBRIS,DEBRIS FLOW
DENSE FOG,DENSE FOG
FOG,DENSE FOG
PATCHY DENSE FOG,DENSE FOG
DENSE SMOKE,DENSE SMOKE
SMOKE,DENSE SMOKE
DRIEST MONTH,DROUGHT
DROUGHT,DROUGHT
DROUGHT/EXCESSIVE HEAT,DROUGHT
DRY PATTERN,DROUGHT
DRY SPELL,DROUGHT
EXCESSIVELY DRY,DROUGHT
SNOW DROUGHT,DROUGHT
DUST DEVEL,DUST DEVIL
DUST DEVIL,DUST DEVIL
DUST DEVIL WATERSPOUT,DUST DEVIL
BLOWING DUST,DUST STORM
DUST STORM,DUST STORM
DUST STORM/HIGH WINDS,DUST STORM
DUSTSTORM,DUST STORM
SAHARAN DUST,DUST STORM
EXCESSIVE HEAT,EXCESSIVE HEAT
EXCESSIVE HEAT/DROUGHT,EXCESSIVE HEAT
EXTREME HEAT,EXCESSIVE HEAT
HEAT WAVE,EXCESSIVE HEAT
HEAT WAVE DROUGHT,EXCESSIVE HEAT
HEAT WAVES,EXCESSIVE HEAT
HIGH TEMPERATURE RECORD,EXCESSIVE HEAT
RECORD HEAT,EXCESSIVE HEAT
RECORD HEAT WAVE,EXCESSIVE HEAT
RECORD HIGH,EXCESSIVE HEAT
RECORD HIGH TEMPERATURE,EXCESSIVE HEAT
RECORD HIGH TEMPERATURES,EXCESSIVE HEAT
RECORD TEMPERATURE,EXCESSIVE HEAT
RECORD TEMPERATURES,EXCESSIVE HEAT
RECORD WARM,EXCESSIVE HEAT
RECORD WARM TEMPS.,EXCESSIVE HEAT
RECORD WARMTH,EXCESSIVE HEAT
RECORD/EXCESSIVE HEAT,EXCESSIVE HEAT
TEMPERATURE RECORD,EXCESSIVE HEAT
UNSEASONABLY DRY,EXCESSIVE HEAT
UNSEASONABLY HOT,EXCESSIVE HEAT
UNSEASONABLY WARM,EXCESSIVE HEAT
UNSEASONABLY WARM & WET,EXCESSIVE HEAT
UNSEASONABLY WARM AND DRY,EXCESSIVE HEAT
UNSEASONABLY WARM YEAR,EXCESSIVE HEAT
UNSEASONABLY WARM/WET,EXCESSIVE HEAT
UNUSUAL WARMTH,EXCESSIVE HEAT
UNUSUAL/RECORD WARMTH,EXCESSIVE HEAT
UNUSUALLY WARM,EXCESSIVE HEAT
BITTER WIND CHILL,EXTREME COLD/WIND CHILL
BITTER WIND CHILL TEMPERATURES,EXTREME COLD/WIND CHILL
BLOWING SNOW,EXTREME COLD/WIND CHILL
BLOWING SNOW & EXTREME WIND CH,EXTREME COLD/WIND CHILL
BLOWING SNOW- EXTREME WIND CHI,EXTREME COLD/WIND CHILL
BLOWING SNOW/EXTREME WIND CHIL,EXTREME COLD/WIND CHILL
EXCESSIVE COLD,EXTREME COLD/WIND CHILL
EXTENDED COLD,EXTREME COLD/WIND CHILL
EXTREME COLD,EXTREME COLD/WIND CHILL
EXTREME COLD/WIND CHILL,EXTREME COLD/WIND CHILL
EXTREME WIND CHILL,EXTREME COLD/WIND CHILL
EXTREME WIND CHILL/BLOWING SNO,EXTREME COLD/WIND CHILL
EXTREME WIND CHILLS,EXTREME COLD/WIND CHILL
EXTREME WINDCHILL,EXTREME COLD/WIND CHILL
EXTREME WINDCHILL TEMPERATURES,EXTREME COLD/WIND CHILL
EXTREME/RECORD COLD,EXTREME COLD/WIND CHILL
LOW WIND CHILL,EXTREME COLD/WIND CHILL
WIND CHILL,EXTREME COLD/WIND CHILL
FLASH FLOOD,FLASH FLOOD
FLASH FLOOD - HEAVY RAIN,FLASH FLOOD
FLASH FLOOD FROM ICE JAMS,FLASH FLOOD
FLASH FLOOD LANDSLIDES,FLASH FLOOD
FLASH FLOOD WINDS,FLASH FLOOD
FLASH FLOOD/,FLASH FLOOD
FLASH FLOOD/ FLOOD,FLASH FLOOD
FLASH FLOOD/ STREET,FLASH FLOOD
FLASH FLOOD/FLOOD,FLASH FLOOD
FLASH FLOOD/HEAVY RAIN,FLASH FLOOD
FLASH FLOOD/LANDSLIDE,FLASH FLOOD
FLASH FLOODING,FLASH FLOOD
FLASH FLOODING/FLOOD,FLASH FLOOD
FLASH FLOODING/THUNDERSTORM WI,FLASH FLOOD
FLASH FLOODS,FLASH FLOOD
FLASH FLOOODING,FLASH FLOOD
FLOOD FLASH,FLASH FLOOD
FLOOD FLOOD/FLASH,FLASH FLOOD
FLOOD/FLASH,FLASH FLOOD
FLOOD/FLASH FLOOD,FLASH FLOOD
FLOOD/FLASH FLOODING,FLASH FLOOD
FLOOD/FLASH/FLOOD,FLASH FLOOD
FLOOD/FLASHFLOOD,FLASH FLOOD
LOCAL FLASH FLOOD,FLASH FLOOD
FLOOD,FLOOD
FLOOD & HEAVY RAIN,FLOOD
FLOOD WATCH/,FLOOD
FLOOD/RAIN/WIND,FLOOD
FLOOD/RAIN/WINDS,FLOOD
FLOOD/RIVER FLOOD,FLOOD
FLOOD/STRONG WIND,FLOOD
FLOODING,FLOOD
FLOODING/HEAVY RAIN,FLOOD
FLOODS,FLOOD
HIGHWAY FLOODING,FLOOD
LANDSLIDE/URBAN FLOOD,FLOOD
LOCAL FLOOD,FLOOD
MAJOR FLOOD,FLOOD
MINOR FLOOD,FLOOD
MINOR FLOODING,FLOOD
MUD SLIDES URBAN FLOODING,FLOOD
RAPIDLY RISING WATER,FLOOD
RURAL FLOOD,FLOOD
SNOWMELT FLOODING,FLOOD
STREET FLOOD,FLOOD
STREET FLOODING,FLOOD
URBAN AND SMALL,FLOOD
URBAN AND SMALL STREAM,FLOOD
URBAN AND SMALL STREAM FLOOD,FLOOD
URBAN AND SMALL STREAM FLOODIN,FLOOD
URBAN FLOOD,FLOOD
URBAN FLOOD LANDSLIDE,FLOOD
URBAN FLOODING,FLOOD
URBAN FLOODS,FLOOD
URBAN SMALL,FLOOD
URBAN SMALL STREAM FLOOD,FLOOD
URBAN/SMALL,FLOOD
URBAN/SMALL FLOODING,FLOOD
URBAN/SMALL STREAM,FLOOD
URBAN/SMALL STREAM FLOOD,FLOOD
URBAN/SMALL STREAM FLOODING,FLOOD
URBAN/SMALL STRM FLDG,FLOOD
URBAN/SML STREAM FLD,FLOOD
URBAN/SML STREAM FLDG,FLOOD
URBAN/STREET FLOODING,FLOOD
FOG AND COLD TEMPERATURES,FREEZING FOG
FREEZING FOG,FREEZING FOG
ICE FOG,FREEZING FOG
COLD AND FROST,FROST/FREEZE
DAMAGING FREEZE,FROST/FREEZE
EARLY FREEZE,FROST/FREEZE
EARLY FROST,FROST/FREEZE
FIRST FROST,FROST/FREEZE
FREEZE,FROST/FREEZE
FREEZING DRIZZLE,FROST/FREEZE
FREEZING DRIZZLE AND FREEZING,FROST/FREEZE
FROST,FROST/FREEZE
FROST/FREEZE,FROST/FREEZE
FROST\\FREEZE,FROST/FREEZE
GLAZE,FROST/FREEZE
GLAZE ICE,FROST/FREEZE
HARD FREEZE,FROST/FREEZE
LATE FREEZE,FROST/FREEZE
LIGHT FREEZING RAIN,FROST/FREEZE
LIGHT SNOW/FREEZING PRECIP,FROST/FREEZE
RECORD COLD/FROST,FROST/FREEZE
SNOW/ BITTER COLD,FROST/FREEZE
UNUSUALLY COLD,FROST/FREEZE
COLD AIR FUNNEL,FUNNEL CLOUD
COLD AIR FUNNELS,FUNNEL CLOUD
FUNNEL,FUNNEL CLOUD
FUNNEL CLOUD,FUNNEL CLOUD
FUNNEL CLOUD.,FUNNEL CLOUD
FUNNEL CLOUDS,FUNNEL CLOUD
FUNNELS,FUNNEL CLOUD
WALL CLOUD,FUNNEL CLOUD
WALL CLOUD/FUNNEL CLOUD,FUNNEL CLOUD
DEEP HAIL,HAIL
FUNNEL CLOUD/HAIL,HAIL
GUSTY WIND/HAIL,HAIL
HAIL,HAIL
HAIL 0.75,HAIL
HAIL 0.88,HAIL
HAIL 075,HAIL
HAIL 088,HAIL
HAIL 1.00,HAIL
HAIL 1.75,HAIL
HAIL 1.75),HAIL
HAIL 100,HAIL
HAIL 125,HAIL
HAIL 150,HAIL
HAIL 175,HAIL
HAIL 200,HAIL
HAIL 225,HAIL
HAIL 275,HAIL
HAIL 450,HAIL
HAIL 75,HAIL
HAIL 80,HAIL
HAIL 88,HAIL
HAIL ALOFT,HAIL
HAIL DAMAGE,HAIL
HAIL FLOODING,HAIL
HAIL STORM,HAIL
HAIL(0.75),HAIL
HAIL/ICY ROADS,HAIL
HAIL/WIND,HAIL
HAIL/WINDS,HAIL
HAILSTORM,HAIL
HAILSTORMS,HAIL
LATE SEASON HAIL,HAIL
NON SEVERE HAIL,HAIL
SMALL HAIL,HAIL
THUNDERSTORM HAIL,HAIL
WIND/HAIL,HAIL
HEAT,HEAT
HEAT DROUGHT,HEAT
HEAT/DROUGHT,HEAT
HEATBURST,HEAT
HOT AND DRY,HEAT
HOT PATTERN,HEAT
HOT SPELL,HEAT
HOT WEATHER,HEAT
HOT/DRY PATTERN,HEAT
VERY DRY,HEAT
VERY WARM,HEAT
WARM DRY CONDITIONS,HEAT
WARM WEATHER,HEAT
EXCESSIVE RAIN,HEAVY RAIN
EXCESSIVE RAINFALL,HEAVY RAIN
EXCESSIVE WETNESS,HEAVY RAIN
EXTREMELY WET,HEAVY RAIN
FREEZING RAIN,HEAVY RAIN
FREEZING SPRAY,HEAVY RAIN
HEAVY RAIN,HEAVY RAIN
HEAVY RAIN AND FLOOD,HEAVY RAIN
HEAVY RAIN AND WIND,HEAVY RAIN
HEAVY RAIN EFFECTS,HEAVY RAIN
HEAVY RAIN/FLOODING,HEAVY RAIN
HEAVY RAIN/HIGH SURF,HEAVY RAIN
HEAVY RAIN/LIGHTNING,HEAVY RAIN
HEAVY RAIN/MUDSLIDES/FLOOD,HEAVY RAIN
HEAVY RAIN/SEVERE WEATHER,HEAVY RAIN
HEAVY RAIN/SMALL STREAM URBAN,HEAVY RAIN
HEAVY RAIN/SNOW,HEAVY RAIN
HEAVY RAIN/URBAN FLOOD,HEAVY RAIN
HEAVY RAIN/WIND,HEAVY RAIN
HEAVY RAIN; URBAN FLOOD WINDS;,HEAVY RAIN
HEAVY RAINFALL,HEAVY RAIN
HEAVY RAINS,HEAVY RAIN
HEAVY RAINS/FLOODING,HEAVY RAIN
HEAVY SHOWER,HEAVY RAIN
HEAVY SHOWERS,HEAVY RAIN
HVY RAIN,HEAVY RAIN
LOCALLY HEAVY RAIN,HEAVY RAIN
"METRO STORM, MAY 26",HEAVY RAIN
PROLONGED RAIN,HEAVY RAIN
RAIN,HEAVY RAIN
RAIN (HEAVY),HEAVY RAIN
RAIN AND WIND,HEAVY RAIN
RAIN DAMAGE,HEAVY RAIN
RAINSTORM,HEAVY RAIN
RECORD RAINFALL,HEAVY RAIN
RECORD/EXCESSIVE RAINFALL,HEAVY RAIN
SNOW/RAIN,HEAVY RAIN
TORRENTIAL RAIN,HEAVY RAIN
TORRENTIAL RAINFALL,HEAVY RAIN
TSTM HEAVY RAIN,HEAVY RAIN
UNSEASONABLY WET,HEAVY RAIN
UNSEASONAL RAIN,HEAVY RAIN
EXCESSIVE PRECIPITATION,HEAVY SNOW
EXCESSIVE SNOW,HEAVY SNOW
FALLING SNOW/ICE,HEAVY SNOW
FIRST SNOW,HEAVY SNOW
FREEZING RAIN AND SNOW,HEAVY SNOW
FREEZING RAIN/SNOW,HEAVY SNOW
HEAVY MIX,HEAVY SNOW
HEAVY PRECIPATATION,HEAVY SNOW
HEAVY PRECIPITATION,HEAVY SNOW
HEAVY SNOW,HEAVY SNOW
HEAVY SNOW & ICE,HEAVY SNOW
HEAVY SNOW AND,HEAVY SNOW
HEAVY SNOW AND HIGH WINDS,HEAVY SNOW
HEAVY SNOW AND ICE,HEAVY SNOW
HEAVY SNOW AND ICE STORM,HEAVY SNOW
HEAVY SNOW AND STRONG WINDS,HEAVY SNOW
HEAVY SNOW ANDBLOWING SNOW,HEAVY SNOW
HEAVY SNOW FREEZING RAIN,HEAVY SNOW
HEAVY SNOW SHOWER,HEAVY SNOW
HEAVY SNOW SQUALLS,HEAVY SNOW
HEAVY SNOW/BLIZZARD,HEAVY SNOW
HEAVY SNOW/BLIZZARD/AVALANCHE,HEAVY SNOW
HEAVY SNOW/BLOWING SNOW,HEAVY SNOW
HEAVY SNOW/FREEZING RAIN,HEAVY SNOW
HEAVY SNOW/HIGH,HEAVY SNOW
HEAVY SNOW/HIGH WIND,HEAVY SNOW
HEAVY SNOW/HIGH WINDS,HEAVY SNOW
HEAVY SNOW/HIGH WINDS & FLOOD,HEAVY SNOW
HEAVY SNOW/HIGH WINDS/FREEZING,HEAVY SNOW
HEAVY SNOW/ICE,HEAVY SNOW
HEAVY SNOW/ICE STORM,HEAVY SNOW
HEAVY SNOW/SLEET,HEAVY SNOW
HEAVY SNOW/SQUALLS,HEAVY SNOW
HEAVY SNOW/WIND,HEAVY SNOW
HEAVY SNOW/WINTER STORM,HEAVY SNOW
HEAVY SNOWPACK,HEAVY SNOW
HEAVY SNOW-SQUALLS,HEAVY SNOW
HEAVY WET SNOW,HEAVY SNOW
ICE,HEAVY SNOW
ICE AND SNOW,HEAVY SNOW
LATE SEASON SNOW,HEAVY SNOW
LATE SEASON SNOWFALL,HEAVY SNOW
LATE SNOW,HEAVY SNOW
LATE-SEASON SNOWFALL,HEAVY SNOW
NEAR RECORD SNOW,HEAVY SNOW
RECORD MAY SNOW,HEAVY SNOW
RECORD PRECIPITATION,HEAVY SNOW
RECORD SNOW,HEAVY SNOW
RECORD SNOW/COLD,HEAVY SNOW
RECORD SNOWFALL,HEAVY SNOW
RECORD WINTER SNOW,HEAVY SNOW
SNOW AND COLD,HEAVY SNOW
SNOW AND HEAVY SNOW,HEAVY SNOW
SNOW AND ICE,HEAVY SNOW
SNOW FREEZING RAIN,HEAVY SNOW
SNOW SHOWERS,HEAVY SNOW
SNOW SQUALL,HEAVY SNOW
SNOW SQUALLS,HEAVY SNOW
SNOW/ ICE,HEAVY SNOW
SNOW/BLOWING SNOW,HEAVY SNOW
SNOW/COLD,HEAVY SNOW
SNOW/FREEZING RAIN,HEAVY SNOW
SNOW/HEAVY SNOW,HEAVY SNOW
SNOW\\COLD,HEAVY SNOW
SNOWFALL RECORD,HEAVY SNOW
HAZARDOUS SURF,HIGH SURF
HEAVY SURF,HIGH SURF
HEAVY SURF AND WIND,HIGH SURF
HEAVY SURF COASTAL FLOODING,HIGH SURF
HEAVY SURF/HIGH SURF,HIGH SURF
HEAVY SWELLS,HIGH SURF
HIGH SEAS,HIGH SURF
HIGH SURF,HIGH SURF
HIGH SURF ADVISORIES,HIGH SURF
HIGH SURF ADVISORY,HIGH SURF
HIGH SWELLS,HIGH SURF
HIGH TIDES,HIGH SURF
HIGH WATER,HIGH SURF
HIGH WAVES,HIGH SURF
ROGUE WAVE,HIGH SURF
ROUGH SEAS,HIGH SURF
ROUGH SURF,HIGH SURF
DOWNBURST,HIGH WIND
DOWNBURST WINDS,HIGH WIND
DRY MICROBURST,HIGH WIND
DRY MICROBURST 50,HIGH WIND
DRY MICROBURST 53,HIGH WIND
DRY MICROBURST 58,HIGH WIND
DRY MICROBURST 61,HIGH WIND
DRY MICROBURST 84,HIGH WIND
DRY MICROBURST WINDS,HIGH WIND
DRY MIRCOBURST WINDS,HIGH WIND
GUSTY LAKE WIND,HIGH WIND
GUSTY WIND,HIGH WIND
GUSTY WIND/HVY RAIN,HIGH WIND
GUSTY WIND/RAIN,HIGH WIND
GUSTY WINDS,HIGH WIND
HIGH WIND,HIGH WIND
HIGH WIND (G40),HIGH WIND
HIGH WIND 48,HIGH WIND
HIGH WIND 63,HIGH WIND
HIGH WIND 70,HIGH WIND
HIGH WIND AND HEAVY SNOW,HIGH WIND
HIGH WIND AND HIGH TIDES,HIGH WIND
HIGH WIND AND SEAS,HIGH WIND
HIGH WIND DAMAGE,HIGH WIND
HIGH WIND/ BLIZZARD,HIGH WIND
HIGH WIND/BLIZZARD,HIGH WIND
HIGH WIND/BLIZZARD/FREEZING RA,HIGH WIND
HIGH WIND/HEAVY SNOW,HIGH WIND
HIGH WIND/LOW WIND CHILL,HIGH WIND
HIGH WIND/SEAS,HIGH WIND
HIGH WIND/WIND CHILL,HIGH WIND
HIGH WIND/WIND CHILL/BLIZZARD,HIGH WIND
HIGH WINDS,HIGH WIND
HIGH WINDS 55,HIGH WIND
HIGH WINDS 57,HIGH WIND
HIGH WINDS 58,HIGH WIND
HIGH WINDS 63,HIGH WIND
HIGH WINDS 66,HIGH WIND
HIGH WINDS 67,HIGH WIND
HIGH WINDS 73,HIGH WIND
HIGH WINDS 76,HIGH WIND
HIGH WINDS 80,HIGH WIND
HIGH WINDS 82,HIGH WIND
HIGH WINDS AND WIND CHILL,HIGH WIND
HIGH WINDS DUST STORM,HIGH WIND
HIGH WINDS HEAVY RAINS,HIGH WIND
HIGH WINDS/,HIGH WIND
HIGH WINDS/COASTAL FLOOD,HIGH WIND
HIGH WINDS/COLD,HIGH WIND
HIGH WINDS/FLOODING,HIGH WIND
HIGH WINDS/HEAVY RAIN,HIGH WIND
HIGH WINDS/SNOW,HIGH WIND
MICROBURST,HIGH WIND
MICROBURST WINDS,HIGH WIND
SEVERE TURBULENCE,HIGH WIND
SNOW AND WIND,HIGH WIND
SNOW/HIGH WINDS,HIGH WIND
WET MICOBURST,HIGH WIND
WET MICROBURST,HIGH WIND
WIND,HIGH WIND
WIND AND WAVE,HIGH WIND
WIND DAMAGE,HIGH WIND
WINDS,HIGH WIND
HURRICANE,HURRICANE (TYPHOON)
HURRICANE EDOUARD,HURRICANE (TYPHOON)
HURRICANE EMILY,HURRICANE (TYPHOON)
HURRICANE ERIN,HURRICANE (TYPHOON)
HURRICANE FELIX,HURRICANE (TYPHOON)
HURRICANE GORDON,HURRICANE (TYPHOON)
HURRICANE OPAL,HURRICANE (TYPHOON)
HURRICANE OPAL/HIGH WINDS,HURRICANE (TYPHOON)
HURRICANE/TYPHOON,HURRICANE (TYPHOON)
HURRICANE-GENERATED SWELLS,HURRICANE (TYPHOON)
TYPHOON,HURRICANE (TYPHOON)
GLAZE/ICE STORM,ICE STORM
ICE STORM,ICE STORM
ICE STORM AND SNOW,ICE STORM
ICE STORM/FLASH FLOOD,ICE STORM
ICE/SNOW,ICE STORM
ICE/STRONG WINDS,ICE STORM
ICESTORM/BLIZZARD,ICE STORM
SNOW AND ICE STORM,ICE STORM
SNOW/ICE,ICE STORM
SNOW/ICE STORM,ICE STORM
SNOWSTORM,ICE STORM
HEAVY LAKE SNOW,LAKE-EFFECT SNOW
LAKE EFFECT SNOW,LAKE-EFFECT SNOW
LAKE-EFFECT SNOW,LAKE-EFFECT SNOW
LAKE FLOOD,LAKESHORE FLOOD
LAKESHORE FLOOD,LAKESHORE FLOOD
RIVER AND STREAM FLOOD,LAKESHORE FLOOD
RIVER FLOOD,LAKESHORE FLOOD
RIVER FLOODING,LAKESHORE FLOOD
SMALL STREAM AND URBAN FLOOD,LAKESHORE FLOOD
SMALL STREAM AND URBAN FLOODIN,LAKESHORE FLOOD
SMALL STREAM FLOOD,LAKESHORE FLOOD
SMALL STREAM FLOODING,LAKESHORE FLOOD
SMALL STREAM URBAN FLOOD,LAKESHORE FLOOD
SMALL STREAM/URBAN FLOOD,LAKESHORE FLOOD
STREAM FLOODING,LAKESHORE FLOOD
LIGHTING,LIGHTNING
LIGHTNING,LIGHTNING
LIGHTNING AND HEAVY RAIN,LIGHTNING
LIGHTNING AND THUNDERSTORM WIN,LIGHTNING
LIGHTNING AND WINDS,LIGHTNING
LIGHTNING DAMAGE,LIGHTNING
LIGHTNING FIRE,LIGHTNING
LIGHTNING INJURY,LIGHTNING
LIGHTNING THUNDERSTORM WINDS,LIGHTNING
LIGHTNING THUNDERSTORM WINDSS,LIGHTNING
LIGHTNING WAUSEON,LIGHTNING
LIGHTNING.,LIGHTNING
LIGHTNING/HEAVY RAIN,LIGHTNING
LIGNTNING,LIGHTNING
MARINE HAIL,MARINE HAIL
MARINE HIGH WIND,MARINE HIGH WIND
MARINE STRONG WIND,MARINE STRONG WIND
MARINE TSTM WIND,MARINE STRONG WIND
MARINE THUNDERSTORM WIND,MARINE THUNDERSTORM WIND
?,OTHER
ABNORMAL WARMTH,OTHER
ABNORMALLY DRY,OTHER
ABNORMALLY WET,OTHER
ACCUMULATED SNOWFALL,OTHER
AGRICULTURAL FREEZE,OTHER
APACHE COUNTY,OTHER
ASTRONOMICAL HIGH TIDE,OTHER
BEACH EROSIN,OTHER
BEACH EROSION,OTHER
BELOW NORMAL PRECIPITATION,OTHER
BLACK ICE,OTHER
BLOW-OUT TIDE,OTHER
BLOW-OUT TIDES,OTHER
COASTAL EROSION,OTHER
COASTAL STORM,OTHER
COASTAL SURGE,OTHER
COASTALSTORM,OTHER
DAM BREAK,OTHER
DAM FAILURE,OTHER
DROWNING,OTHER
DRY,OTHER
DRY CONDITIONS,OTHER
DRY HOT WEATHER,OTHER
DRY WEATHER,OTHER
DRYNESS,OTHER
EARLY RAIN,OTHER
EARLY SNOW,OTHER
EARLY SNOWFALL,OTHER
EXCESSIVE,OTHER
HEAVY SEAS,OTHER
HIGH,OTHER
HYPERTHERMIA/EXPOSURE,OTHER
HYPOTHERMIA,OTHER
HYPOTHERMIA/EXPOSURE,OTHER
ICE FLOES,OTHER
ICE JAM,OTHER
ICE JAM FLOOD (MINOR,OTHER
ICE JAM FLOODING,OTHER
ICE ON ROAD,OTHER
ICE PELLETS,OTHER
ICE ROADS,OTHER
ICY ROADS,OTHER
LACK OF SNOW,OTHER
LANDSLIDE,OTHER
LANDSLIDES,OTHER
LANDSLUMP,OTHER
LANDSPOUT,OTHER
LARGE WALL CLOUD,OTHER
LIGHT SNOW,OTHER
LIGHT SNOW/FLURRIES,OTHER
LIGHT SNOWFALL,OTHER
LOW TEMPERATURE,OTHER
LOW TEMPERATURE RECORD,OTHER
MARINE ACCIDENT,OTHER
MARINE MISHAP,OTHER
MILD AND DRY PATTERN,OTHER
MILD PATTERN,OTHER
MILD/DRY PATTERN,OTHER
MIXED PRECIP,OTHER
MIXED PRECIPITATION,OTHER
MODERATE SNOW,OTHER
MODERATE SNOWFALL,OTHER
MONTHLY PRECIPITATION,OTHER
MONTHLY RAINFALL,OTHER
MONTHLY SNOWFALL,OTHER
MONTHLY TEMPERATURE,OTHER
MOUNTAIN SNOWS,OTHER
MUD SLIDE,OTHER
MUD SLIDES,OTHER
MUD/ROCK SLIDE,OTHER
MUDSLIDE,OTHER
MUDSLIDE/LANDSLIDE,OTHER
MUDSLIDES,OTHER
NO SEVERE WEATHER,OTHER
NON TSTM WIND,OTHER
NONE,OTHER
NON-SEVERE WIND DAMAGE,OTHER
NON-TSTM WIND,OTHER
NORMAL PRECIPITATION,OTHER
NORTHERN LIGHTS,OTHER
OTHER,OTHER
PATCHY ICE,OTHER
PROLONG COLD,OTHER
PROLONG COLD/SNOW,OTHER
PROLONG WARMTH,OTHER
RAIN/SNOW,OTHER
RAIN/WIND,OTHER
RECORD DRY MONTH,OTHER
RECORD DRYNESS,OTHER
RECORD LOW,OTHER
RECORD LOW RAINFALL,OTHER
RED FLAG CRITERIA,OTHER
REMNANTS OF FLOYD,OTHER
ROCK SLIDE,OTHER
ROTATING WALL CLOUD,OTHER
SEASONAL SNOWFALL,OTHER
SMALL STREAM,OTHER
SMALL STREAM AND,OTHER
SML STREAM FLD,OTHER
SNOW,OTHER
SNOW ACCUMULATION,OTHER
SNOW ADVISORY,OTHER
SOUTHEAST,OTHER
SUMMARY AUGUST 10,OTHER
SUMMARY AUGUST 11,OTHER
SUMMARY AUGUST 17,OTHER
SUMMARY AUGUST 21,OTHER
SUMMARY AUGUST 2-3,OTHER
SUMMARY AUGUST 28,OTHER
SUMMARY AUGUST 4,OTHER
SUMMARY AUGUST 7,OTHER
SUMMARY AUGUST 9,OTHER
SUMMARY JAN 17,OTHER
SUMMARY JULY 23-24,OTHER
SUMMARY JUNE 18-19,OTHER
SUMMARY JUNE 5-6,OTHER
SUMMARY JUNE 6,OTHER
SUMMARY OF APRIL 12,OTHER
SUMMARY OF APRIL 13,OTHER
SUMMARY OF APRIL 21,OTHER
SUMMARY OF APRIL 27,OTHER
SUMMARY OF APRIL 3RD,OTHER
SUMMARY OF AUGUST 1,OTHER
SUMMARY OF JULY 11,OTHER
SUMMARY OF JULY 2,OTHER
SUMMARY OF JULY 22,OTHER
SUMMARY OF JULY 26,OTHER
SUMMARY OF JULY 29,OTHER
SUMMARY OF JULY 3,OTHER
SUMMARY OF JUNE 10,OTHER
SUMMARY OF JUNE 11,OTHER
SUMMARY OF JUNE 12,OTHER
SUMMARY OF JUNE 13,OTHER
SUMMARY OF JUNE 15,OTHER
SUMMARY OF JUNE 16,OTHER
SUMMARY OF JUNE 18,OTHER
SUMMARY OF JUNE 23,OTHER
SUMMARY OF JUNE 24,OTHER
SUMMARY OF JUNE 3,OTHER
SUMMARY OF JUNE 30,OTHER
SUMMARY OF JUNE 4,OTHER
SUMMARY OF JUNE 6,OTHER
SUMMARY OF MARCH 14,OTHER
SUMMARY OF MARCH 23,OTHER
SUMMARY OF MARCH 24,OTHER
SUMMARY OF MARCH 24-25,OTHER
SUMMARY OF MARCH 27,OTHER
SUMMARY OF MARCH 29,OTHER
SUMMARY OF MAY 10,OTHER
SUMMARY OF MAY 13,OTHER
SUMMARY OF MAY 14,OTHER
SUMMARY OF MAY 22,OTHER
SUMMARY OF MAY 22 AM,OTHER
SUMMARY OF MAY 22 PM,OTHER
SUMMARY OF MAY 26 AM,OTHER
SUMMARY OF MAY 26 PM,OTHER
SUMMARY OF MAY 31 AM,OTHER
SUMMARY OF MAY 31 PM,OTHER
SUMMARY OF MAY 9-10,OTHER
SUMMARY SEPT. 25-26,OTHER
SUMMARY SEPTEMBER 20,OTHER
SUMMARY SEPTEMBER 23,OTHER
SUMMARY SEPTEMBER 3,OTHER
SUMMARY SEPTEMBER 4,OTHER
SUMMARY: NOV. 16,OTHER
SUMMARY: NOV. 6-7,OTHER
SUMMARY: OCT. 20-21,OTHER
SUMMARY: OCTOBER 31,OTHER
SUMMARY: SEPT. 18,OTHER
UNUSUALLY LATE SNOW,OTHER
VOG,OTHER
WAKE LOW WIND,OTHER
WET MONTH,OTHER
WET SNOW,OTHER
WET WEATHER,OTHER
WET YEAR,OTHER
WIND ADVISORY,OTHER
RIP CURRENT,RIP CURRENT
RIP CURRENTS,RIP CURRENT
RIP CURRENTS HEAVY SURF,RIP CURRENT
RIP CURRENTS/HEAVY SURF,RIP CURRENT
SEICHE,SEICHE
FREEZING RAIN AND SLEET,SLEET
FREEZING RAIN SLEET AND,SLEET
FREEZING RAIN SLEET AND LIGHT,SLEET
FREEZING RAIN/SLEET,SLEET
LIGHT SNOW AND SLEET,SLEET
SLEET,SLEET
SLEET & FREEZING RAIN,SLEET
SLEET STORM,SLEET
SLEET/FREEZING RAIN,SLEET
SLEET/ICE STORM,SLEET
SLEET/RAIN/SNOW,SLEET
SLEET/SNOW,SLEET
SNOW AND SLEET,SLEET
SNOW SLEET,SLEET
SNOW/RAIN/SLEET,SLEET
SNOW/SLEET,SLEET
SNOW/SLEET/FREEZING RAIN,SLEET
SNOW/SLEET/RAIN,SLEET
STORM SURGE,STORM SURGE/TIDE
STORM SURGE/TIDE,STORM SURGE/TIDE
GRADIENT WIND,STRONG WIND
GRADIENT WINDS,STRONG WIND
STRONG WIND,STRONG WIND
STRONG WIND GUST,STRONG WIND
STRONG WINDS,STRONG WIND
GUSTNADO,THUNDERSTORM WIND
GUSTNADO AND,THUNDERSTORM WIND
GUSTY THUNDERSTORM WIND,THUNDERSTORM WIND
GUSTY THUNDERSTORM WINDS,THUNDERSTORM WIND
SEVERE THUNDERSTORM,THUNDERSTORM WIND
SEVERE THUNDERSTORM WINDS,THUNDERSTORM WIND
SEVERE THUNDERSTORMS,THUNDERSTORM WIND
STORM FORCE WINDS,THUNDERSTORM WIND
THUDERSTORM WINDS,THUNDERSTORM WIND
THUNDEERSTORM WINDS,THUNDERSTORM WIND
THUNDERESTORM WINDS,THUNDERSTORM WIND
THUNDERSNOW,THUNDERSTORM WIND
THUNDERSNOW SHOWER,THUNDERSTORM WIND
THUNDERSTORM,THUNDERSTORM WIND
THUNDERSTORM DAMAGE,THUNDERSTORM WIND
THUNDERSTORM DAMAGE TO,THUNDERSTORM WIND
THUNDERSTORM W INDS,THUNDERSTORM WIND
THUNDERSTORM WIND,THUNDERSTORM WIND
THUNDERSTORM WIND (G40),THUNDERSTORM WIND
THUNDERSTORM WIND 50,THUNDERSTORM WIND
THUNDERSTORM WIND 52,THUNDERSTORM WIND
THUNDERSTORM WIND 56,THUNDERSTORM WIND
THUNDERSTORM WIND 59,THUNDERSTORM WIND
THUNDERSTORM WIND 59 MPH,THUNDERSTORM WIND
THUNDERSTORM WIND 59 MPH.,THUNDERSTORM WIND
THUNDERSTORM WIND 60 MPH,THUNDERSTORM WIND
THUNDERSTORM WIND 65 MPH,THUNDERSTORM WIND
THUNDERSTORM WIND 65MPH,THUNDERSTORM WIND
THUNDERSTORM WIND 69,THUNDERSTORM WIND
THUNDERSTORM WIND 98 MPH,THUNDERSTORM WIND
THUNDERSTORM WIND G50,THUNDERSTORM WIND
THUNDERSTORM WIND G51,THUNDERSTORM WIND
THUNDERSTORM WIND G52,THUNDERSTORM WIND
THUNDERSTORM WIND G55,THUNDERSTORM WIND
THUNDERSTORM WIND G60,THUNDERSTORM WIND
THUNDERSTORM WIND G61,THUNDERSTORM WIND
THUNDERSTORM WIND TREES,THUNDERSTORM WIND
THUNDERSTORM WIND.,THUNDERSTORM WIND
THUNDERSTORM WIND/ TREE,THUNDERSTORM WIND
THUNDERSTORM WIND/ TREES,THUNDERSTORM WIND
THUNDERSTORM WIND/AWNING,THUNDERSTORM WIND
THUNDERSTORM WIND/HAIL,THUNDERSTORM WIND
THUNDERSTORM WIND/LIGHTNING,THUNDERSTORM WIND
THUNDERSTORM WINDS,THUNDERSTORM WIND
THUNDERSTORM WINDS 13,THUNDERSTORM WIND
THUNDERSTORM WINDS 2,THUNDERSTORM WIND
THUNDERSTORM WINDS 50,THUNDERSTORM WIND
THUNDERSTORM WINDS 52,THUNDERSTORM WIND
THUNDERSTORM WINDS 53,THUNDERSTORM WIND
THUNDERSTORM WINDS 60,THUNDERSTORM WIND
THUNDERSTORM WINDS 61,THUNDERSTORM WIND
THUNDERSTORM WINDS 62,THUNDERSTORM WIND
THUNDERSTORM WINDS 63 MPH,THUNDERSTORM WIND
THUNDERSTORM WINDS AND,THUNDERSTORM WIND
THUNDERSTORM WINDS FUNNEL CLOU,THUNDERSTORM WIND
THUNDERSTORM WINDS G,THUNDERSTORM WIND
THUNDERSTORM WINDS G60,THUNDERSTORM WIND
THUNDERSTORM WINDS HAIL,THUNDERSTORM WIND
THUNDERSTORM WINDS HEAVY RAIN,THUNDERSTORM WIND
THUNDERSTORM WINDS LE CEN,THUNDERSTORM WIND
THUNDERSTORM WINDS LIGHTNING,THUNDERSTORM WIND
THUNDERSTORM WINDS SMALL STREA,THUNDERSTORM WIND
THUNDERSTORM WINDS URBAN FLOOD,THUNDERSTORM WIND
THUNDERSTORM WINDS.,THUNDERSTORM WIND
THUNDERSTORM WINDS/ FLOOD,THUNDERSTORM WIND
THUNDERSTORM WINDS/ HAIL,THUNDERSTORM WIND
THUNDERSTORM WINDS/FLASH FLOOD,THUNDERSTORM WIND
THUNDERSTORM WINDS/FLOODING,THUNDERSTORM WIND
THUNDERSTORM WINDS/FUNNEL CLOU,THUNDERSTORM WIND
THUNDERSTORM WINDS/HAIL,THUNDERSTORM WIND
THUNDERSTORM WINDS/HEAVY RAIN,THUNDERSTORM WIND
THUNDERSTORM WINDS53,THUNDERSTORM WIND
THUNDERSTORM WINDSHAIL,THUNDERSTORM WIND
THUNDERSTORM WINDSS,THUNDERSTORM WIND
THUNDERSTORM WINS,THUNDERSTORM WIND
THUNDERSTORMS,THUNDERSTORM WIND
THUNDERSTORMS WIND,THUNDERSTORM WIND
THUNDERSTORMS WINDS,THUNDERSTORM WIND
THUNDERSTORMW,THUNDERSTORM WIND
THUNDERSTORMW 50,THUNDERSTORM WIND
THUNDERSTORMW WINDS,THUNDERSTORM WIND
THUNDERSTORMWINDS,THUNDERSTORM WIND
THUNDERSTROM WIND,THUNDERSTORM WIND
THUNDERSTROM WINDS,THUNDERSTORM WIND
THUNDERTORM WINDS,THUNDERSTORM WIND
THUNDERTSORM WIND,THUNDERSTORM WIND
THUNDESTORM WINDS,THUNDERSTORM WIND
THUNERSTORM WINDS,THUNDERSTORM WIND
TSTM,THUNDERSTORM WIND
TSTM WIND,THUNDERSTORM WIND
TSTM WIND (41),THUNDERSTORM WIND
TSTM WIND (G35),THUNDERSTORM WIND
TSTM WIND (G40),THUNDERSTORM WIND
TSTM WIND (G45),THUNDERSTORM WIND
TSTM WIND 40,THUNDERSTORM WIND
TSTM WIND 45,THUNDERSTORM WIND
TSTM WIND 50,THUNDERSTORM WIND
TSTM WIND 51,THUNDERSTORM WIND
TSTM WIND 52,THUNDERSTORM WIND
TSTM WIND 55,THUNDERSTORM WIND
TSTM WIND 65),THUNDERSTORM WIND
TSTM WIND AND LIGHTNING,THUNDERSTORM WIND
TSTM WIND DAMAGE,THUNDERSTORM WIND
TSTM WIND G45,THUNDERSTORM WIND
TSTM WIND G58,THUNDERSTORM WIND
TSTM WIND/HAIL,THUNDERSTORM WIND
TSTM WINDS,THUNDERSTORM WIND
TSTM WND,THUNDERSTORM WIND
TSTMW,THUNDERSTORM WIND
TUNDERSTORM WIND,THUNDERSTORM WIND
WIND GUSTS,THUNDERSTORM WIND
WIND STORM,THUNDERSTORM WIND
COLD AIR TORNADO,TORNADO
TORNADO,TORNADO
TORNADO F0,TORNADO
TORNADO F1,TORNADO
TORNADO F2,TORNADO
TORNADO F3,TORNADO
TORNADO/WATERSPOUT,TORNADO
TORNADOES,TORNADO
"TORNADOES, TSTM WIND, HAIL",TORNADO
TORNADOS,TORNADO
TORNDAO,TORNADO
WHIRLWIND,TORNADO
TROPICAL DEPRESSION,TROPICAL DEPRESSION
TROPICAL STORM,TROPICAL STORM
TROPICAL STORM ALBERTO,TROPICAL STORM
TROPICAL STORM DEAN,TROPICAL STORM
TROPICAL STORM GORDON,TROPICAL STORM
TROPICAL STORM JERRY,TROPICAL STORM
TSUNAMI,TSUNAMI
VOLCANIC ASH,VOLCANIC ASH
VOLCANIC ASH PLUME,VOLCANIC ASH
VOLCANIC ASHFALL,VOLCANIC ASH
VOLCANIC ERUPTION,VOLCANIC ASH
WATER SPOUT,WATERSPOUT
WATERSPOUT,WATERSPOUT
WATERSPOUT-,WATERSPOUT
WATERSPOUT FUNNEL CLOUD,WATERSPOUT
WATERSPOUT TORNADO,WATERSPOUT
WATERSPOUT/,WATERSPOUT
WATERSPOUT/ TORNADO,WATERSPOUT
WATERSPOUT/TORNADO,WATERSPOUT
WATERSPOUTS,WATERSPOUT
WATERSPOUT-TORNADO,WATERSPOUT
WAYTERSPOUT,WATERSPOUT
BRUSH FIRE,WILDFIRE
BRUSH FIRES,WILDFIRE
FOREST FIRES,WILDFIRE
GRASS FIRES,WILDFIRE
RED FLAG FIRE WX,WILDFIRE
WILD FIRES,WILDFIRE
WILD/FOREST FIRE,WILDFIRE
WILD/FOREST FIRES,WILDFIRE
WILDFIRE,WILDFIRE
WILDFIRES,WILDFIRE
WINTER STORM,WINTER STORM
WINTER STORM HIGH WINDS,WINTER STORM
WINTER STORM/HIGH WIND,WINTER STORM
WINTER STORM/HIGH WINDS,WINTER STORM
WINTER STORMS,WINTER STORM
WINTER MIX,WINTER WEATHER
WINTER WEATHER,WINTER WEATHER
WINTER WEATHER MIX,WINTER WEATHER
WINTER WEATHER/MIX,WINTER WEATHER
WINTERY MIX,WINTER WEATHER
WINTRY MIX,WINTER WEATHER
WND,WINTER WEATHER
COASTAL  FLOODING/EROSION,COASTAL FLOOD
FROST\FREEZE,FROST/FREEZE
HEAVY SNOW   FREEZING RAIN,HEAVY SNOW
HIGH  SWELLS,HIGH SURF
HIGH  WINDS,HIGH WIND
LIGHTNING  WAUSEON,LIGHTNING
RECORD  COLD,EXTREME COLD/WIND CHILL
SNOW\COLD,HEAVY SNOW
THUNDERSTORM  WINDS,THUNDERSTORM WIND
THUNDERSTORM WINDS      LE CEN,THUNDERSTORM WIND
TSTM WIND  (G45),THUNDERSTORM WIND
URBAN/SMALL STREAM  FLOOD,FLOOD
